[
  {
    "id": 1,
    "name": "Gentle Facial Cleanser",  
    "price": 25.99,
    "image": "images/skincare1.jpg",
    "category": "skincare"
  },
  {
    "id": 2,
    "name": "Eye Cream",
    "price": 18.50,
    "image": "images/skincare2.jpg",
    "category": "skincare"
  },
  {
    "id": 3,
    "name": "Collagen Face Mask",
    "price": 14.00,
    "image": "images/skincare3.jpg",
    "category": "skincare"
  },
  {
    "id": 4,
    "name": "Vitamin C Serum",
    "price": 20.00,
    "image": "images/skincare4.jpg",
    "category": "skincare"
  },
  {
    "id": 5,
    "name": "Aloe Vera Gel",
    "price": 32.00,
    "image": "images/skincare5.jpg",
    "category": "skincare"
  },
  {
    "id": 6,
    "name": "SPF 50 Sunscreen",
    "price": 10.00,
    "image": "images/skincare6.jpg",
    "category": "skincare"
  },
  {
    "id": 7,
    "name": "Toner Mist",
    "price": 16.00,
    "image": "images/skincare7.jpg",
    "category": "skincare"
  },
  {
    "id": 8,
    "name": "Hydrating Face Cream",
    "price": 12.50,
    "image": "images/skincare8.jpg",
    "category": "skincare"
  },
  {
    "id": 9,
    "name": "Night Repair Cream",
    "price": 15.75,
    "image": "images/skincare9.jpg",
    "category": "skincare"
  },
  {
    "id": 10,
    "name": "Exfoliating Scrub",
    "price": 22.00,
    "image": "images/skincare10.jpg",
    "category": "skincare"
  },

  {
    "id": 11,
    "name": "Matte Lipstick",
    "price": 15.00,
    "image": "images/makeup1.jpg",
    "category": "makeup"
  },
  {
    "id": 12,
    "name": "Eye Shadow Palette",
    "price": 30.00,
    "image": "images/makeup2.jpg",
    "category": "makeup"
  },
  {
    "id": 13,
    "name": "Makeup Primer",
    "price": 28.00,
    "image": "images/makeup3.jpg",
    "category": "makeup"
  },
  {
    "id": 14,
    "name": "Liquid Foundation",
    "price": 12.50,
    "image": "images/makeup4.jpg",
    "category": "makeup"
  },
  {
    "id": 15,
    "name": "Waterproof Mascara",
    "price": 14.75,
    "image": "images/makeup5.jpg",
    "category": "makeup"
  },
  {
    "id": 16,
    "name": "Eyeliner Pencil",
    "price": 9.99,
    "image": "images/makeup6.jpg",
    "category": "makeup"
  },
  {
    "id": 17,
    "name": "Blush Compact",
    "price": 19.00,
    "image": "images/makeup7.jpg",
    "category": "makeup"
  },
  {
    "id": 18,
    "name": "Highlighter Stick",
    "price": 13.50,
    "image": "images/makeup8.jpg",
    "category": "makeup"
  },
  {
    "id": 19,
    "name": "Setting Spray",
    "price": 17.00,
    "image": "images/makeup9.jpg",
    "category": "makeup"
  },
  {
    "id": 20,
    "name": "Brow Pencil",
    "price": 11.25,
    "image": "images/makeup10.jpg",
    "category": "makeup"
  },

  {
    "id": 21,
    "name": "Hair Straightener",
    "price": 45.00,
    "image": "images/electronics1.jpg",
    "category": "electronics"
  },
  {
    "id": 22,
    "name": "Curling Iron",
    "price": 40.00,
    "image": "images/electronics2.jpg",
    "category": "electronics"
  },
  {
    "id": 23,
    "name": "Blow Dryer",
    "price": 35.00,
    "image": "images/electronics3.jpg",
    "category": "electronics"
  },
  {
    "id": 24,
    "name": "Hot Air Brush",
    "price": 38.50,
    "image": "images/electronics4.jpg",
    "category": "electronics"
  },
  {
    "id": 25,
    "name": "Hair Crimper",
    "price": 42.00,
    "image": "images/electronics5.jpg",
    "category": "electronics"
  },
  {
    "id": 26,
    "name": "Mini Travel Straightener",
    "price": 28.00,
    "image": "images/electronics6.jpg",
    "category": "electronics"
  },
  {
    "id": 27,
    "name": "Professional Hair Dryer",
    "price": 60.00,
    "image": "images/electronics7.jpg",
    "category": "electronics"
  },
  {
    "id": 28,
    "name": "3-in-1 Styling Tool",
    "price": 55.00,
    "image": "images/electronics8.jpg",
    "category": "electronics"
  },
  {
    "id": 29,
    "name": "Ceramic Curl Wand",
    "price": 48.50,
    "image": "images/electronics9.jpg",
    "category": "electronics"
  },
  {
    "id": 30,
    "name": "Laser",
    "price": 100.00,
    "image": "images/electronics10.jpg",
    "category": "electronics"
}
]